tr_build_id,tr_job_id,tr_build_number,tr_original_commit,tr_log_lan,tr_log_status,tr_log_setup_time,tr_log_analyzer,tr_log_frameworks,tr_log_bool_tests_ran,tr_log_bool_tests_failed,tr_log_num_tests_ok,tr_log_num_tests_failed,tr_log_num_tests_run,tr_log_num_tests_skipped,tr_log_num_test_suites_run,tr_log_num_test_suites_ok,tr_log_num_test_suites_failed,tr_log_tests_failed,tr_log_testduration,tr_log_buildduration,loc
471521256,471521257,100,5b6d93ce59f06cca63dc449bda0c1d2868adf848,go,ok,1,go,gotest,true,false,57,0,57,0,3,3,0,,287.37,,3226
482733287,482733288,138,5076d1cca5c190f8ecef43efa37ca23b78878652,go,ok,1,go,gotest,true,false,82,0,82,0,4,4,0,,251.82999999999998,,3749
512785424,512785425,200,3f60f8b1c2c21cf3dc96caec9d134d2886511dde,go,ok,1,go,gotest,true,false,96,0,96,0,5,5,0,,209.50000000000003,,5162
534362535,534362536,242,fafe4f908a1fa2496518a689cdda0aa2ec084d4e,go,ok,1,go,gotest,true,false,109,0,109,0,5,5,0,,447.94000000000005,,6196
544587787,544587788,260,0c37317a020458cf88db94fbca6bc16ae63c45ec,go,ok,1,go,gotest,true,false,110,0,110,0,5,5,0,,451.94999999999993,,6277
616246914,616246916,291,4cb873445064af078cde7ee565efc4c67b9e3b7e,go,ok,1,go,gotest,true,false,111,0,111,0,5,5,0,,498.71000000000004,,6552
420959132,420959133,31,99b96861632a4df4bcba58c7d90bd2e444eb69c2,go,ok,9,go,gotest,true,false,18,0,18,0,1,1,0,,61.46,,972
423787455,423787456,33,9f4aef005f8619da385a07b32e1e4abc02e49f2c,go,ok,8,go,gotest,true,false,18,0,18,0,1,1,0,,104.14,,1126
439119376,439119377,69,0e76581e4542d474a6e96a881c3c67bde65b9729,go,ok,9,go,gotest,true,false,25,0,25,0,1,1,0,,206.45999999999998,,1928
