tr_build_id,tr_job_id,tr_build_number,tr_original_commit,tr_log_lan,tr_log_status,tr_log_setup_time,tr_log_analyzer,tr_log_frameworks,tr_log_bool_tests_ran,tr_log_bool_tests_failed,tr_log_num_tests_ok,tr_log_num_tests_failed,tr_log_num_tests_run,tr_log_num_tests_skipped,tr_log_num_test_suites_run,tr_log_num_test_suites_ok,tr_log_num_test_suites_failed,tr_log_tests_failed,tr_log_testduration,tr_log_buildduration,loc
462437506,462437507,100,083b1c3f84dd6486588802e5ce295de3a7f41a8b,go,ok,3,go,gotest,true,false,136,0,136,4,2,2,0,,50.71000000000001,,1977
637901874,637901877,115,7d8a8721178767d061a79baf6a2ed84b3aba059a,go,ok,1,go,gotest,true,false,136,0,136,4,2,2,0,,44.52000000000001,,1977
693835173,693835184,147,82f3a6575571ea114ed0cdc0711a226dcce876f1,go,unknown,1,go,gotest,true,false,179,0,179,4,2,2,0,,67.57000000000001,,2080
747193511,747193527,159,e899416eed9ce514ab67ef70675c342eba86f5b2,go,unknown,1,go,gotest,true,false,187,0,187,4,2,2,0,,73.34,,2175
81006731,81006732,28,3d69cada8fa14fcf5cd8ac8300b44a9d301b6368,go,ok,1,go,gotest,true,false,68,0,68,4,2,2,0,,0,,1324
98099506,98099512,52,47f36e165cecae5382ecf1ec28ebf7d4679e307d,go,ok,1,go,gotest,true,false,124,0,124,4,2,2,0,,51.89999999999998,,1790
217771078,217771084,66,136f77a6b992460b49750862c3297d57667750ce,go,unknown,1,go,gotest,true,false,128,0,128,4,2,2,0,,62.660000000000004,,1902
271150343,271150351,75,0bf5dcad4ada2814c3c00f996a982270bb81a506,go,unknown,1,go,gotest,true,false,136,0,136,4,2,2,0,,61.99000000000002,,1977
387090049,387090056,86,cf5d6687abbc66239e5dc605e63411939c7370fc,go,unknown,0,go,gotest,true,false,136,0,136,4,2,2,0,,53.27000000000001,,1977
