tr_build_id,tr_job_id,tr_build_number,tr_original_commit,tr_log_lan,tr_log_status,tr_log_setup_time,tr_log_analyzer,tr_log_frameworks,tr_log_bool_tests_ran,tr_log_bool_tests_failed,tr_log_num_tests_ok,tr_log_num_tests_failed,tr_log_num_tests_run,tr_log_num_tests_skipped,tr_log_num_test_suites_run,tr_log_num_test_suites_ok,tr_log_num_test_suites_failed,tr_log_tests_failed,tr_log_testduration,tr_log_buildduration,loc
133018147,133018148,100,a54f860fe8b14440320014ed608e438a790f19ac,go,ok,0,go,gotest,true,false,37,0,37,0,7,7,0,,31.44000000000001,,5939
200619984,200619993,176,431f5c7aa6484c2aa97cc2e7cd61c4417041f399,go,ok,3,go,gotest,true,false,40,0,40,0,7,7,0,,35.870000000000005,,6727
239553647,239553652,241,1bf616d748a7f6936dc13dd7b0a2aba5bdc559aa,go,ok,5,go,gotest,true,false,46,0,46,0,8,8,0,,64.24000000000001,,7538
278599965,278599973,391,75ea00f8227b5775d915fa1808dfc796fc8e51ec,go,ok,3,go,gotest,true,false,289,0,289,0,9,9,0,,69.05000000000004,,9255
316567735,316567739,480,3df3aec8f7a5dc6574a062fe30413248033f0982,go,ok,4,go,gotest,true,false,339,0,339,1,9,9,0,,69.83000000000007,,10272
338505756,338505761,555,680ba437dba6b8e0d8eea4b4714b7ac203340c8c,go,ok,3,go,gotest,true,false,347,0,347,1,9,9,0,,105.0500000000002,,10496
353348234,353348241,627,3f1d9f30ab4ae2040166eefaf6ceeb8f760784c8,go,ok,6,go,gotest,true,false,0,0,,0,1,1,0,,2.59,,10725
375448538,375448546,701,f6d354304176803fbf1ecc395446d91c85728c64,go,ok,7,go,gotest,true,false,0,0,,0,1,1,0,,2.38,,11316
403922390,403922394,776,a13f1d64a6c996c2e6216726e542be4d29f09ace,go,ok,4,go,gotest,true,false,0,0,,0,1,1,0,,2.8,,11891
