tr_build_id,tr_job_id,tr_build_number,tr_original_commit,tr_log_lan,tr_log_status,tr_log_setup_time,tr_log_analyzer,tr_log_frameworks,tr_log_bool_tests_ran,tr_log_bool_tests_failed,tr_log_num_tests_ok,tr_log_num_tests_failed,tr_log_num_tests_run,tr_log_num_tests_skipped,tr_log_num_test_suites_run,tr_log_num_test_suites_ok,tr_log_num_test_suites_failed,tr_log_tests_failed,tr_log_testduration,tr_log_buildduration,loc
622458786,622458787,1002,bc762ef862bf4e1ec1f6da1301f525c7a077495d,go,unknown,1,go,gotest,true,false,510,0,510,5,102,102,0,,82.65000000000003,,40938
628144479,628144482,1033,6a4e5dc8fbcc5173c99cc3beb58382982b8e30dc,go,ok,1,go,gotest,true,false,508,0,508,20,159,159,0,,80.26000000000002,,41252
643689716,643689718,1062,5d44741f54a3133a8806f15f87ee062cbced898d,go,ok,3,go,gotest,true,false,514,0,514,9,153,153,0,,37.45,,41331
647929594,647929595,1085,7b8f6424a94927f54c2a78087512f7b3e856820c,go,unknown,1,go,gotest,true,false,519,0,519,5,104,104,0,,90.67999999999999,,42032
648796400,648796404,1109,8ff722f77a6988516c3e2370987c1901cbf67200,go,ok,2,go,gotest,true,false,510,0,510,20,162,162,0,,90.18000000000002,,42005
650980448,650980450,1131,a618d7ec197592b91768ded6a292cbf757f5cb7b,go,ok,1,go,gotest,true,false,514,0,514,9,156,156,0,,36.510000000000005,,42090
658005321,658005322,1150,3327ec0479728d8d275f0ccc68c01d6753906993,go,unknown,1,go,gotest,true,false,519,0,519,5,104,104,0,,91.08000000000001,,42338
696012061,696012065,1199,03f2d5f5e261859a9f3adf4af17feda917548e12,go,ok,1,go,gotest,true,false,520,0,520,9,165,165,0,,35.839999999999996,,48627
