tr_build_id,tr_job_id,tr_build_number,tr_original_commit,tr_log_lan,tr_log_status,tr_log_setup_time,tr_log_analyzer,tr_log_frameworks,tr_log_bool_tests_ran,tr_log_bool_tests_failed,tr_log_num_tests_ok,tr_log_num_tests_failed,tr_log_num_tests_run,tr_log_num_tests_skipped,tr_log_num_test_suites_run,tr_log_num_test_suites_ok,tr_log_num_test_suites_failed,tr_log_tests_failed,tr_log_testduration,tr_log_buildduration,loc
211851203,211851204,107,53e3b472581568fd8baccd9c5097800cf433bd77,go,ok,1,go,gotest,true,false,587,0,587,1,18,18,0,,21.460000000000004,,328059
211852270,211852271,108,53e3b472581568fd8baccd9c5097800cf433bd77,go,ok,1,go,gotest,true,false,587,0,587,1,18,18,0,,21.1,,328059
211853352,211853353,109,53e3b472581568fd8baccd9c5097800cf433bd77,go,ok,1,go,gotest,true,false,587,0,587,1,18,18,0,,21.010000000000005,,328059
199409013,199409014,29,5aa0da1848bb5a850d9d5a96204c6449307fc8bd,go,ok,2,go,gotest,true,false,587,0,587,1,16,16,0,,21.120000000000005,,281273
199409774,199409775,30,5aa0da1848bb5a850d9d5a96204c6449307fc8bd,go,ok,1,go,gotest,true,false,587,0,587,1,16,16,0,,20.890000000000004,,281273
208355436,208355438,80,373a4fc9e5c47b86c8348db7bbaf8aad92280cda,go,ok,1,go,gotest,true,false,582,0,582,1,16,16,0,,21.360000000000007,,316628
208356705,208356706,81,373a4fc9e5c47b86c8348db7bbaf8aad92280cda,go,ok,1,go,gotest,true,false,582,0,582,1,16,16,0,,21.49000000000001,,316628
