tr_build_id,tr_job_id,tr_build_number,tr_original_commit,tr_log_lan,tr_log_status,tr_log_setup_time,tr_log_analyzer,tr_log_frameworks,tr_log_bool_tests_ran,tr_log_bool_tests_failed,tr_log_num_tests_ok,tr_log_num_tests_failed,tr_log_num_tests_run,tr_log_num_tests_skipped,tr_log_num_test_suites_run,tr_log_num_test_suites_ok,tr_log_num_test_suites_failed,tr_log_tests_failed,tr_log_testduration,tr_log_buildduration,loc
472548901,472548902,3659,dbf18a068d25132bcb74d2d88954008955868168,go,ok,15,go,gotest,true,false,0,0,,0,81,81,0,,1165.9499999999996,,310017
472549646,472549647,3660,dbf18a068d25132bcb74d2d88954008955868168,go,ok,11,go,gotest,true,false,0,0,,0,81,81,0,,1174.6999999999996,,310017
490959918,490959920,3835,9b5f9f9715910798b0fa918819c27b362a47a0a4,go,unknown,6,go,gotest,true,false,0,0,,0,83,83,0,,1150.3099999999995,,340049
490960153,490960155,3836,9b5f9f9715910798b0fa918819c27b362a47a0a4,go,unknown,6,go,gotest,true,false,0,0,,0,83,83,0,,1161.2899999999997,,340049
536580657,536580658,4262,ff754084df0912bc0d151529e2893ca86618fb3f,go,ok,19,go,gotest,true,false,0,0,,0,103,103,0,,1366.1899999999991,,375127
540031424,540031425,4293,ff754084df0912bc0d151529e2893ca86618fb3f,go,ok,20,go,gotest,true,false,0,0,,0,103,103,0,,1326.0499999999995,,375127
