tr_build_id,tr_job_id,tr_build_number,tr_original_commit,tr_log_lan,tr_log_status,tr_log_setup_time,tr_log_analyzer,tr_log_frameworks,tr_log_bool_tests_ran,tr_log_bool_tests_failed,tr_log_num_tests_ok,tr_log_num_tests_failed,tr_log_num_tests_run,tr_log_num_tests_skipped,tr_log_num_test_suites_run,tr_log_num_test_suites_ok,tr_log_num_test_suites_failed,tr_log_tests_failed,tr_log_testduration,tr_log_buildduration,loc
283476991,283476992,248,61241a1417259ae059f19ca688b31ba5a71b8f77,go,ok,1,go,gotest,true,false,0,0,,0,11,11,0,,46.419999999999995,,11673
328489705,328489706,331,f0b72295742b89bc2acb3da6f4c799ce1fdb5e4e,go,ok,1,go,gotest,true,false,0,0,,0,12,12,0,,47.459999999999994,,13073
338477027,338477028,453,acba9c2419b33d293795d297937a0e8349b87474,go,ok,1,go,gotest,true,false,0,0,,0,16,16,0,,48.7,,18784
352569503,352569504,481,f488a3a8e3f8f5d848b740614624b7be4fd11f49,go,ok,1,go,gotest,true,false,0,0,,0,16,16,0,,47.949999999999996,,18785
410076304,410076305,517,f488a3a8e3f8f5d848b740614624b7be4fd11f49,go,ok,1,go,gotest,true,false,0,0,,0,16,16,0,,47.92999999999999,,18785
469252593,469252594,538,f488a3a8e3f8f5d848b740614624b7be4fd11f49,go,ok,1,go,gotest,true,false,0,0,,0,16,16,0,,48.01999999999999,,18785
529044669,529044670,651,643bd3b83f8363884608f355ecbe8d5b1be30cc3,go,ok,2,go,gotest,true,false,0,0,,0,16,16,0,,49.03999999999999,,20221
562328433,562328435,712,643bd3b83f8363884608f355ecbe8d5b1be30cc3,go,ok,2,go,gotest,true,false,0,0,,0,16,16,0,,49.34999999999999,,20221
