tr_build_id,tr_job_id,tr_build_number,tr_original_commit,tr_log_lan,tr_log_status,tr_log_setup_time,tr_log_analyzer,tr_log_frameworks,tr_log_bool_tests_ran,tr_log_bool_tests_failed,tr_log_num_tests_ok,tr_log_num_tests_failed,tr_log_num_tests_run,tr_log_num_tests_skipped,tr_log_num_test_suites_run,tr_log_num_test_suites_ok,tr_log_num_test_suites_failed,tr_log_tests_failed,tr_log_testduration,tr_log_buildduration,loc
759260801,759260802,3913,790252a9796ca3f973ddf5b7e7f3ccea832faf8f,go,ok,2,go,gotest,true,false,0,0,,0,30,30,0,,31.410000000000004,,75554
759312951,759312953,3923,21493901953076bc47e57a57e3c20f96ea049617,go,ok,2,go,gotest,true,false,0,0,,0,30,30,0,,31.060000000000006,,75557
759315626,759315627,3934,ca74f64a39f4d5f189948190b079de54521e5f4f,go,ok,2,go,gotest,true,false,0,0,,0,30,30,0,,31.950000000000006,,75557
759558845,759558847,3944,1147aaf23debcbc39eab012279189d1bc08c7ee4,unknown,unknown,,plain,,false,,,,,,,,,,,,75582
759968363,759968365,3968,6a4546d2c088b5d71f8b2200b758a82f1aad08c6,go,ok,2,go,gotest,true,false,0,0,,0,30,30,0,,33.48,,76334
760213878,760213879,3979,7ba75e3d5a4b059f4b41797f96a0feea97eef66a,go,ok,2,go,gotest,true,false,0,0,,0,30,30,0,,34.76,,76358
760615874,760615876,3989,543c8daa6d57cf1021a544fe776fb64752c1eb45,go,ok,2,go,gotest,true,false,0,0,,0,30,30,0,,33.259999999999984,,76358
760881052,760881053,4002,c9722dceb2769cd6a943a11bcf5958a669777217,go,ok,4,go,gotest,true,false,0,0,,0,30,30,0,,34.65999999999999,,76560
761238892,761238894,4012,bd727b7b537312c492c8a3bdacc8864237d45a47,go,ok,2,go,gotest,true,false,0,0,,0,30,30,0,,33.29999999999999,,76575
