tr_build_id,tr_job_id,tr_build_number,tr_original_commit,tr_log_lan,tr_log_status,tr_log_setup_time,tr_log_analyzer,tr_log_frameworks,tr_log_bool_tests_ran,tr_log_bool_tests_failed,tr_log_num_tests_ok,tr_log_num_tests_failed,tr_log_num_tests_run,tr_log_num_tests_skipped,tr_log_num_test_suites_run,tr_log_num_test_suites_ok,tr_log_num_test_suites_failed,tr_log_tests_failed,tr_log_testduration,tr_log_buildduration,loc
271013962,271013965,1202,c9cb23cd74d5b4224fb68364a94ab0e744c5da91,go,ok,2,go,gotest,true,false,634,0,634,5,32,32,0,,12.579999999999993,,48177
296736882,296736883,1236,0b1e4eba4ef95af7466144315c3935f2b8a8b717,go,ok,1,go,gotest,true,false,838,0,838,7,34,34,0,,20.480000000000008,,49420
318385693,318385695,1282,d40899a788bbeccf5e6317834c8bff579d374dcf,go,ok,1,go,gotest,true,false,1034,0,1034,9,34,34,0,,37.330000000000005,,52700
345201537,345201538,1335,1467e175cab1ff7a158095f0dab274fa5750b6eb,go,unknown,4,go,,false,,,,,,,,,,,,51340
387399003,387399004,1377,1a0c7cb9443b31a8450ebff58c312cf434e1c579,go,ok,2,go,gotest,true,false,893,0,893,28,33,33,0,,72.19000000000004,,51698
439073146,439073147,1406,9652755f9346fe208aa9197c549357c41d2dadea,go,ok,1,go,gotest,true,false,894,0,894,28,33,33,0,,54.68000000000003,,51750
489348542,489348543,1465,58b3d77c0e1c416fb5d6e451917c1aafbeeb2b51,go,ok,1,go,gotest,true,false,908,0,908,29,33,33,0,,69.72000000000007,,52323
