tr_build_id,tr_job_id,tr_build_number,tr_original_commit,tr_log_lan,tr_log_status,tr_log_setup_time,tr_log_analyzer,tr_log_frameworks,tr_log_bool_tests_ran,tr_log_bool_tests_failed,tr_log_num_tests_ok,tr_log_num_tests_failed,tr_log_num_tests_run,tr_log_num_tests_skipped,tr_log_num_test_suites_run,tr_log_num_test_suites_ok,tr_log_num_test_suites_failed,tr_log_tests_failed,tr_log_testduration,tr_log_buildduration,loc
520038550,520038551,101,57c23b967e066540eda8053272e8c6b003f9eaf4,go,ok,1,go,gotest,true,false,0,0,,0,66,66,0,,6.239999999999998,,84431
478180371,478180372,11,f77a2e3b9e3e6cb01e734acb778b188e33c6aa93,go,ok,1,go,gotest,true,false,0,0,,0,58,58,0,,3.0899999999999994,,83663
575677168,575677169,157,bb615f61ce85790a1667efc145c66e917cce1a39,go,ok,1,go,gotest,true,false,0,0,,0,72,72,0,,7.199999999999995,,84915
587328226,587328227,178,c8004ba627cacd7bab12cf9243c2f14d89c71cbe,go,ok,1,go,gotest,true,false,0,0,,0,74,74,0,,8.969999999999992,,85000
621459593,621459594,191,15d6a9a17e5386cb169227dd4dea9a23100a5029,go,ok,1,go,gotest,true,false,0,0,,0,74,74,0,,7.269999999999993,,85005
479117315,479117316,21,a23fe8ee57f29eb0f88d05460a5d243812b193c8,go,ok,1,go,gotest,true,false,0,0,,0,58,58,0,,3.669999999999999,,83740
477042430,477042431,3,7e94f6fb5cceea4015a0df5d04e87d1fe5061311,go,ok,1,go,gotest,true,false,0,0,,0,58,58,0,,3.2799999999999994,,83649
477090299,477090300,5,90d3f9fe25dccb2fc4146d286a63fba84bbbcdff,go,ok,1,go,gotest,true,false,0,0,,0,58,58,0,,2.7999999999999994,,83649
512857952,512857953,76,7a0eb66183daac7566e9a52ee83c2c9359577f6a,go,ok,1,go,gotest,true,false,0,0,,0,64,64,0,,6.389999999999996,,84229
