tr_build_id,tr_job_id,tr_build_number,tr_original_commit,tr_log_lan,tr_log_status,tr_log_setup_time,tr_log_analyzer,tr_log_frameworks,tr_log_bool_tests_ran,tr_log_bool_tests_failed,tr_log_num_tests_ok,tr_log_num_tests_failed,tr_log_num_tests_run,tr_log_num_tests_skipped,tr_log_num_test_suites_run,tr_log_num_test_suites_ok,tr_log_num_test_suites_failed,tr_log_tests_failed,tr_log_testduration,tr_log_buildduration,loc
552996232,552996233,1247,68bf0566e6ec8effaf6e83400ef0046347a5f5f1,go,ok,8,go,gotest,true,false,0,0,,0,78,78,0,,106.30000000000007,,50724
571547936,571547939,1293,68bf0566e6ec8effaf6e83400ef0046347a5f5f1,go,ok,5,go,gotest,true,false,0,0,,0,78,78,0,,106.81000000000006,,50724
590927663,590927665,1339,68bf0566e6ec8effaf6e83400ef0046347a5f5f1,go,ok,5,go,gotest,true,false,0,0,,0,78,78,0,,106.23000000000005,,50724
611607664,611607665,1385,68bf0566e6ec8effaf6e83400ef0046347a5f5f1,go,ok,4,go,gotest,true,false,0,0,,0,78,78,0,,105.52000000000007,,50724
630746339,630746340,1431,68bf0566e6ec8effaf6e83400ef0046347a5f5f1,go,ok,4,go,gotest,true,false,0,0,,0,78,78,0,,105.30000000000005,,50724
650204917,650204918,1477,68bf0566e6ec8effaf6e83400ef0046347a5f5f1,go,ok,8,go,gotest,true,false,0,0,,0,78,78,0,,105.24000000000007,,50724
666577620,666577622,1557,5430f4d89ee524dcbabc500c83cf978025977cf8,go,ok,5,go,gotest,true,false,0,0,,0,80,80,0,,106.16000000000007,,51647
683628551,683628552,1609,42f5d613d56338b742f5637c0f0d85854f77d5f0,go,ok,4,go,gotest,true,false,0,0,,0,80,80,0,,106.11000000000004,,51647
