tr_build_id,tr_job_id,tr_build_number,tr_original_commit,tr_log_lan,tr_log_status,tr_log_setup_time,tr_log_analyzer,tr_log_frameworks,tr_log_bool_tests_ran,tr_log_bool_tests_failed,tr_log_num_tests_ok,tr_log_num_tests_failed,tr_log_num_tests_run,tr_log_num_tests_skipped,tr_log_num_test_suites_run,tr_log_num_test_suites_ok,tr_log_num_test_suites_failed,tr_log_tests_failed,tr_log_testduration,tr_log_buildduration,loc
527213497,527213498,100,ba42930a9895df18198f2f17d2625c6714f7e6b9,go,ok,1,go,gotest,true,false,114,0,114,0,3,3,0,,3.1999999999999993,,239373
580838968,580838969,151,2ec54f6eebb6851d015e2ad79118d292b268f8c0,go,ok,1,go,gotest,true,false,115,0,115,0,3,3,0,,4.0399999999999965,,239222
689355030,689355031,301,54a328d543c4507fdd102b6267f1a16e52693f31,go,ok,5,go,gotest,true,false,127,0,127,0,4,4,0,,3.8299999999999996,,239799
715245939,715245941,364,b94762f13314989181a4edfb01e802286d3c82a3,go,ok,5,go,gotest,true,false,143,0,143,0,12,12,0,,3.4599999999999995,,240186
722685674,722685675,413,648e4563f15f0e2906540396a0426cd88437367d,go,ok,11,go,gotest,true,false,153,0,153,0,13,13,0,,3.549999999999998,,240369
752164725,752164730,510,7df47bbc4e404fa2cdd11d3be9fe553834f12ffb,go,ok,3,go,gotest,true,false,154,0,154,0,13,13,0,,3.8999999999999972,,240478
