tr_build_id,tr_job_id,tr_build_number,tr_original_commit,tr_log_lan,tr_log_status,tr_log_setup_time,tr_log_analyzer,tr_log_frameworks,tr_log_bool_tests_ran,tr_log_bool_tests_failed,tr_log_num_tests_ok,tr_log_num_tests_failed,tr_log_num_tests_run,tr_log_num_tests_skipped,tr_log_num_test_suites_run,tr_log_num_test_suites_ok,tr_log_num_test_suites_failed,tr_log_tests_failed,tr_log_testduration,tr_log_buildduration,loc
575232685,575232689,1201,9d66a93d0681510eb6a9a636d5162c60be99fe31,go,ok,1,go,gotest,true,false,0,0,,0,10,10,0,,17.32,,37581
588354937,588354944,1237,06c75595e920c93793e271c08bb963857aef8c67,go,ok,1,go,gotest,true,false,0,0,,0,10,10,0,,17.839999999999996,,37600
615456338,615456344,1310,10815c273d3f96493752e245336d4b29ce8715a8,go,ok,1,go,gotest,true,false,0,0,,0,10,10,0,,18.169999999999998,,37921
629596899,629596907,1347,43f69034e50eb4a370349b6b7194ef0c7b33d5ed,go,ok,1,go,gotest,true,false,0,0,,0,10,10,0,,16.93,,37946
644273545,644273551,1383,43f69034e50eb4a370349b6b7194ef0c7b33d5ed,go,ok,1,go,gotest,true,false,0,0,,0,10,10,0,,17.060000000000002,,37946
658140722,658140725,1420,e0a00a57842f8c40879441eaafa312de46b8ebd1,go,ok,1,go,gotest,true,false,0,0,,0,10,10,0,,16.990000000000002,,37982
670561371,670561375,1456,c1f7119c9306d9372b6e6eed801e151efa7de442,go,ok,1,go,gotest,true,false,0,0,,0,10,10,0,,17.18,,38011
680559630,680559639,1492,b6666e6db39777f942c56d6434ae5e2635640143,go,ok,1,go,gotest,true,false,0,0,,0,10,10,0,,7.88,,38131
